Date,Type,Montant,Statut,Client_ID,Région
2024-10-18,Transfert,4478.56,Succès,CL001,Ziguinchor
2024-12-23,Retrait,3498.75,Succès,CL082,Ziguinchor
2024-12-22,Retrait,1526.01,Succès,CL158,Ziguinchor
2025-08-06,Transfert,2075.47,Succès,CL067,Saint-Louis
2024-11-20,Transfert,411.23,Échec,CL020,Kaolack
2024-12-17,Transfert,4200.69,Succès,CL085,Dakar
2025-03-25,Paiement,2670.22,Succès,CL102,Kaolack
2025-09-05,Dépôt,2609.52,Succès,CL072,Touba
2025-04-20,Retrait,4647.78,Succès,CL095,Saint-Louis
2025-05-03,Paiement,3959.94,Succès,CL189,Kaolack
2025-02-23,Paiement,1541.05,Échec,CL192,Ziguinchor
2025-09-30,Retrait,1025.07,Succès,CL169,Ziguinchor
2025-07-27,Retrait,4297.26,Succès,CL179,Thiès
2025-03-20,Paiement,2061.85,Succès,CL107,Kaolack
2025-10-08,Paiement,4951.4,Succès,CL017,Kaolack
2025-01-07,Transfert,4155.01,Succès,CL144,Dakar
2025-02-09,Transfert,2402.32,Succès,CL023,Saint-Louis
2024-12-22,Dépôt,3668.93,Succès,CL015,Kaolack
2025-07-15,Retrait,1485.36,Échec,CL097,Thiès
2025-08-10,Retrait,1774.06,Succès,CL005,Thiès
2025-07-14,Retrait,4846.68,Succès,CL170,Touba
2025-03-17,Retrait,404.85,Succès,CL177,Touba
2024-11-13,Dépôt,2206.48,Succès,CL102,Thiès
2025-03-23,Paiement,1743.62,Succès,CL187,Thiès
2025-04-18,Transfert,724.49,Succès,CL129,Touba
2025-03-01,Dépôt,3957.36,Succès,CL099,Kaolack
2025-04-19,Retrait,639.43,Succès,CL134,Thiès
2025-03-20,Transfert,3812.0,Succès,CL124,Ziguinchor
2025-02-24,Paiement,3443.15,Succès,CL041,Thiès
2025-01-19,Retrait,3521.42,Succès,CL185,Ziguinchor
2025-08-16,Dépôt,2375.61,Succès,CL159,Touba
2025-07-20,Dépôt,3645.32,Succès,CL022,Kaolack
2024-11-05,Dépôt,3686.62,Échec,CL114,Dakar
2025-02-20,Transfert,4871.07,Succès,CL082,Thiès
2025-04-29,Dépôt,3106.45,Succès,CL142,Ziguinchor
2025-03-26,Paiement,2162.63,Succès,CL187,Ziguinchor
2025-05-28,Dépôt,118.2,Échec,CL177,Kaolack
2025-03-03,Retrait,530.18,Succès,CL160,Ziguinchor
2025-09-07,Dépôt,1113.08,Succès,CL095,Saint-Louis
2025-09-22,Paiement,4567.37,Succès,CL139,Kaolack
2025-06-20,Transfert,4982.16,Succès,CL189,Touba
2025-09-05,Retrait,3408.76,Succès,CL117,Kaolack
2025-09-01,Dépôt,561.92,Succès,CL163,Kaolack
2025-05-20,Retrait,4576.43,Succès,CL112,Ziguinchor
2025-08-05,Transfert,1085.64,Succès,CL027,Ziguinchor
2025-05-07,Paiement,3586.05,Succès,CL118,Ziguinchor
2024-11-27,Transfert,1319.5,Succès,CL003,Dakar
2025-03-02,Retrait,3362.91,Succès,CL127,Touba
2024-11-13,Dépôt,2558.82,Succès,CL197,Thiès
2024-11-12,Paiement,1881.39,Succès,CL196,Dakar
2025-06-05,Retrait,4731.7,Succès,CL013,Thiès
2025-08-30,Paiement,694.36,Succès,CL046,Kaolack
2025-01-03,Dépôt,3737.45,Succès,CL100,Kaolack
2025-07-20,Paiement,3198.5,Succès,CL126,Thiès
2025-03-18,Retrait,562.35,Succès,CL176,Touba
2025-01-11,Retrait,1426.96,Succès,CL002,Touba
2024-11-22,Transfert,4502.6,Échec,CL171,Dakar
2024-12-24,Dépôt,1324.27,Succès,CL158,Touba
2025-04-05,Dépôt,4130.3,Succès,CL024,Touba
2025-07-15,Transfert,169.78,Succès,CL092,Ziguinchor
2025-03-01,Dépôt,4842.89,Succès,CL063,Ziguinchor
2025-07-04,Transfert,705.35,Succès,CL144,Thiès
2025-09-13,Dépôt,3773.43,Succès,CL168,Kaolack
2025-01-31,Paiement,1351.52,Succès,CL103,Ziguinchor
2025-09-19,Paiement,4025.99,Succès,CL139,Saint-Louis
2024-12-03,Retrait,3111.17,Succès,CL143,Kaolack
2025-09-14,Dépôt,4212.65,Succès,CL009,Touba
2025-07-20,Retrait,4995.94,Succès,CL087,Ziguinchor
2025-05-23,Dépôt,2264.81,Succès,CL045,Thiès
2025-03-08,Transfert,1660.23,Échec,CL011,Touba
2025-06-25,Dépôt,4311.28,Succès,CL164,Dakar
2025-06-11,Retrait,595.74,Succès,CL132,Touba
2025-01-22,Dépôt,888.4,Succès,CL058,Saint-Louis
2025-05-28,Transfert,1242.9,Succès,CL166,Ziguinchor
2025-01-04,Paiement,911.63,Succès,CL089,Ziguinchor
2025-08-24,Dépôt,3403.19,Succès,CL118,Touba
2024-11-30,Paiement,3559.91,Succès,CL065,Kaolack
2025-05-22,Transfert,4289.41,Succès,CL015,Touba
2025-05-08,Retrait,1830.97,Succès,CL028,Thiès
2024-12-29,Paiement,4796.37,Succès,CL034,Touba
2025-08-17,Transfert,514.27,Échec,CL049,Saint-Louis
2025-05-18,Dépôt,1883.83,Succès,CL001,Kaolack
2025-09-12,Dépôt,4645.0,Succès,CL185,Kaolack
2025-07-23,Paiement,2133.84,Succès,CL181,Ziguinchor
2025-06-19,Transfert,4082.65,Succès,CL003,Thiès
2025-08-07,Paiement,3107.53,Succès,CL012,Touba
2024-12-13,Transfert,1973.73,Succès,CL072,Saint-Louis
2025-07-01,Transfert,3034.41,Échec,CL141,Ziguinchor
2025-04-17,Retrait,3975.95,Succès,CL111,Ziguinchor
2025-07-13,Paiement,1418.93,Succès,CL157,Saint-Louis
2024-12-28,Paiement,2961.61,Succès,CL139,Saint-Louis
2025-08-26,Retrait,2766.08,Succès,CL167,Touba
2024-11-12,Dépôt,1889.54,Échec,CL023,Kaolack
2025-07-21,Retrait,2954.75,Succès,CL104,Thiès
2024-11-24,Dépôt,1910.12,Succès,CL195,Kaolack
2025-04-10,Transfert,2622.95,Succès,CL167,Saint-Louis
2024-10-10,Paiement,4949.1,Succès,CL138,Kaolack
2025-05-15,Dépôt,1841.26,Échec,CL093,Thiès
2025-06-22,Dépôt,3909.16,Succès,CL197,Saint-Louis
2025-07-12,Transfert,4353.61,Succès,CL026,Touba
2025-04-01,Paiement,901.97,Succès,CL199,Thiès
2025-05-09,Dépôt,1468.52,Succès,CL066,Touba
2024-11-09,Dépôt,2726.16,Succès,CL070,Thiès
2025-04-29,Retrait,3186.76,Succès,CL162,Thiès
2024-12-15,Dépôt,4794.14,Succès,CL193,Thiès
2024-11-30,Paiement,2366.91,Succès,CL071,Saint-Louis
2025-05-08,Transfert,1566.35,Succès,CL141,Dakar
2024-11-14,Paiement,4763.91,Succès,CL120,Saint-Louis
2025-08-09,Paiement,1021.86,Succès,CL070,Touba
2024-12-22,Transfert,199.77,Succès,CL094,Kaolack
2025-04-08,Paiement,2078.52,Succès,CL128,Thiès
2025-10-07,Paiement,4510.25,Succès,CL109,Ziguinchor
2025-07-14,Dépôt,4353.99,Succès,CL165,Saint-Louis
2025-05-10,Transfert,59.02,Succès,CL114,Thiès
2025-06-24,Paiement,2589.02,Succès,CL133,Thiès
2025-08-20,Dépôt,3257.95,Échec,CL136,Ziguinchor
2025-09-17,Dépôt,3551.54,Succès,CL086,Thiès
2024-12-22,Retrait,3749.46,Succès,CL129,Saint-Louis
2024-11-08,Transfert,1016.56,Succès,CL038,Touba
2025-03-30,Dépôt,3044.58,Succès,CL122,Touba
2024-10-10,Dépôt,4271.22,Succès,CL108,Thiès
2025-10-06,Paiement,3256.24,Succès,CL125,Thiès
2025-08-26,Transfert,4487.17,Succès,CL049,Saint-Louis
2025-08-06,Paiement,2779.39,Succès,CL193,Kaolack
2025-08-13,Paiement,3996.57,Succès,CL036,Dakar
2024-12-31,Transfert,3125.05,Succès,CL028,Thiès
2025-04-25,Dépôt,2803.86,Échec,CL100,Kaolack
2025-04-29,Dépôt,2671.45,Succès,CL109,Saint-Louis
2025-06-27,Retrait,4849.36,Succès,CL019,Saint-Louis
2025-06-13,Dépôt,1311.18,Échec,CL079,Touba
2025-07-15,Dépôt,4847.19,Succès,CL178,Touba
2025-02-19,Paiement,4110.38,Succès,CL173,Thiès
2025-09-01,Transfert,4432.71,Succès,CL124,Dakar
2025-05-12,Paiement,3074.31,Succès,CL046,Kaolack
2024-12-12,Transfert,2758.49,Succès,CL087,Thiès
2025-02-25,Paiement,4479.6,Échec,CL046,Touba
2025-08-31,Transfert,3618.63,Succès,CL084,Dakar
2024-10-12,Transfert,4814.11,Succès,CL106,Touba
2025-07-04,Dépôt,447.72,Succès,CL040,Dakar
2024-10-22,Retrait,1856.73,Succès,CL096,Ziguinchor
2025-01-01,Dépôt,874.22,Succès,CL161,Dakar
2025-03-03,Dépôt,696.41,Succès,CL143,Ziguinchor
2025-01-29,Transfert,2887.41,Succès,CL012,Dakar
2024-10-25,Retrait,3167.38,Échec,CL092,Dakar
2025-04-04,Paiement,162.5,Succès,CL177,Dakar
2025-05-31,Retrait,2087.55,Succès,CL141,Kaolack
2024-12-24,Retrait,1724.29,Succès,CL157,Saint-Louis
2025-05-11,Transfert,2446.85,Échec,CL160,Ziguinchor
2025-02-17,Paiement,1416.51,Succès,CL131,Kaolack
2025-08-22,Paiement,4034.58,Succès,CL058,Ziguinchor
2024-11-13,Retrait,2032.1,Succès,CL099,Touba
2025-01-28,Paiement,3175.59,Échec,CL145,Ziguinchor
2025-07-09,Transfert,4174.52,Succès,CL179,Thiès
2025-06-09,Retrait,469.84,Échec,CL186,Kaolack
2025-04-26,Paiement,4353.83,Succès,CL095,Saint-Louis
2025-03-30,Transfert,3131.59,Succès,CL156,Dakar
2025-03-15,Dépôt,92.92,Succès,CL036,Touba
2025-05-15,Dépôt,3133.45,Succès,CL180,Kaolack
2025-05-04,Transfert,3660.04,Succès,CL175,Saint-Louis
2025-09-05,Retrait,107.64,Succès,CL127,Thiès
2025-02-22,Retrait,3456.49,Succès,CL156,Thiès
2025-04-18,Transfert,2200.58,Succès,CL044,Thiès
2025-05-23,Dépôt,4440.75,Échec,CL043,Saint-Louis
2025-08-22,Transfert,1741.16,Succès,CL103,Thiès
2025-05-02,Paiement,2541.27,Succès,CL067,Touba
2025-08-24,Dépôt,3996.6,Succès,CL053,Touba
2025-01-14,Paiement,4022.19,Succès,CL015,Dakar
2025-01-26,Paiement,792.58,Succès,CL145,Touba
2025-01-12,Dépôt,149.29,Succès,CL008,Thiès
2025-05-16,Dépôt,964.57,Succès,CL076,Ziguinchor
2025-04-25,Paiement,4129.22,Succès,CL009,Dakar
2025-02-19,Transfert,2457.35,Succès,CL059,Kaolack
2025-07-26,Retrait,3032.26,Succès,CL124,Dakar
2025-02-21,Dépôt,1912.72,Succès,CL079,Dakar
2025-04-22,Paiement,3743.86,Succès,CL176,Kaolack
2025-04-23,Transfert,2438.89,Succès,CL036,Saint-Louis
2025-01-19,Paiement,4858.47,Succès,CL184,Saint-Louis
2025-05-22,Retrait,2625.57,Succès,CL077,Touba
2025-07-22,Transfert,4617.06,Succès,CL084,Touba
2025-03-15,Retrait,108.06,Succès,CL130,Kaolack
2025-07-03,Dépôt,1047.73,Échec,CL181,Touba
2025-07-15,Retrait,1402.67,Succès,CL053,Thiès
2025-07-14,Paiement,405.65,Succès,CL064,Dakar
2025-01-08,Paiement,2081.86,Succès,CL089,Thiès
2025-07-09,Dépôt,331.16,Succès,CL090,Kaolack
2025-01-10,Paiement,3489.24,Succès,CL012,Touba
2024-10-12,Retrait,3444.94,Succès,CL013,Ziguinchor
2024-10-17,Paiement,2871.19,Échec,CL003,Saint-Louis
2024-12-19,Paiement,705.68,Succès,CL146,Thiès
2024-10-10,Dépôt,1238.29,Succès,CL152,Saint-Louis
2025-01-25,Retrait,1326.03,Succès,CL071,Saint-Louis
2025-02-12,Retrait,2761.26,Échec,CL018,Dakar
2024-11-07,Transfert,2239.66,Succès,CL016,Thiès
2025-09-06,Transfert,3620.0,Succès,CL095,Ziguinchor
2024-10-15,Retrait,3878.85,Échec,CL039,Thiès
2025-06-26,Transfert,2943.4,Succès,CL011,Dakar
2024-11-28,Transfert,409.31,Échec,CL040,Thiès
2025-05-21,Retrait,2713.28,Succès,CL113,Thiès
2025-05-22,Dépôt,324.79,Succès,CL114,Dakar
2025-01-12,Transfert,3073.01,Succès,CL037,Kaolack
2025-09-06,Retrait,138.13,Succès,CL051,Dakar
2025-06-30,Transfert,2401.08,Échec,CL087,Thiès
2024-11-10,Dépôt,51.11,Succès,CL129,Thiès
2025-03-22,Retrait,4428.78,Échec,CL162,Ziguinchor
2024-12-27,Paiement,4687.44,Succès,CL090,Dakar
2025-09-08,Paiement,2741.52,Succès,CL190,Ziguinchor
2025-01-06,Retrait,4746.28,Succès,CL192,Ziguinchor
2024-10-25,Dépôt,3660.44,Succès,CL183,Ziguinchor
2025-01-14,Retrait,4492.29,Succès,CL132,Kaolack
2025-02-14,Retrait,4692.84,Succès,CL009,Saint-Louis
2025-09-01,Dépôt,3245.62,Succès,CL113,Saint-Louis
2024-10-27,Paiement,3022.67,Succès,CL177,Thiès
2024-10-23,Transfert,240.98,Échec,CL195,Ziguinchor
2025-08-07,Dépôt,3981.67,Succès,CL134,Thiès
2025-07-17,Retrait,3010.01,Succès,CL068,Thiès
2024-12-12,Retrait,1873.51,Succès,CL112,Thiès
2025-02-21,Transfert,341.24,Échec,CL110,Kaolack
2025-08-07,Paiement,1222.77,Succès,CL087,Ziguinchor
2024-11-14,Dépôt,4370.72,Échec,CL114,Saint-Louis
2025-09-26,Dépôt,3093.24,Succès,CL113,Touba
2025-06-08,Paiement,4712.5,Échec,CL003,Kaolack
2025-04-03,Retrait,4711.69,Succès,CL105,Saint-Louis
2024-11-30,Dépôt,3770.08,Succès,CL032,Kaolack
2024-12-09,Paiement,4743.68,Succès,CL027,Touba
2025-07-21,Dépôt,4402.14,Succès,CL101,Saint-Louis
2025-07-21,Paiement,1377.25,Succès,CL181,Kaolack
2025-06-23,Transfert,1741.87,Succès,CL138,Dakar
2025-09-24,Dépôt,1279.93,Succès,CL092,Kaolack
2025-04-15,Transfert,3924.71,Succès,CL119,Thiès
2025-07-01,Paiement,4352.09,Succès,CL075,Ziguinchor
2025-05-18,Transfert,3681.92,Échec,CL165,Saint-Louis
2025-02-14,Dépôt,705.09,Succès,CL017,Touba
2024-10-14,Retrait,2899.99,Échec,CL120,Touba
2025-03-20,Dépôt,1306.52,Succès,CL032,Saint-Louis
2025-06-16,Dépôt,2149.2,Succès,CL175,Dakar
2025-05-04,Retrait,1192.83,Succès,CL183,Dakar
2025-04-08,Transfert,1803.11,Succès,CL131,Thiès
2025-06-13,Transfert,4645.02,Succès,CL147,Touba
2024-11-30,Dépôt,1763.09,Succès,CL062,Dakar
2024-12-29,Retrait,3465.61,Succès,CL026,Saint-Louis
2025-10-07,Dépôt,3353.1,Succès,CL059,Ziguinchor
2024-12-24,Paiement,3809.12,Succès,CL115,Dakar
2025-09-28,Dépôt,212.11,Succès,CL175,Thiès
2024-11-07,Paiement,2811.42,Succès,CL036,Kaolack
2025-03-21,Retrait,636.15,Succès,CL177,Dakar
2024-11-04,Paiement,2090.36,Succès,CL042,Touba
2025-04-21,Transfert,4028.82,Succès,CL179,Saint-Louis
2025-03-20,Dépôt,2285.14,Succès,CL173,Thiès
2024-12-29,Dépôt,1771.56,Succès,CL156,Saint-Louis
2025-02-17,Dépôt,1198.78,Succès,CL063,Dakar
2025-07-10,Retrait,3645.37,Succès,CL004,Ziguinchor
2025-09-30,Paiement,620.94,Succès,CL191,Thiès
2024-11-18,Transfert,2513.6,Succès,CL141,Touba
2024-10-24,Dépôt,3027.41,Succès,CL017,Kaolack
2025-07-23,Retrait,2229.1,Succès,CL177,Dakar
2024-12-22,Transfert,3675.36,Succès,CL179,Kaolack
2025-05-21,Dépôt,2442.8,Succès,CL026,Saint-Louis
2024-12-22,Paiement,4142.63,Succès,CL103,Kaolack
2025-10-08,Retrait,2538.6,Succès,CL059,Kaolack
2024-12-18,Dépôt,1625.63,Succès,CL004,Saint-Louis
2024-10-29,Transfert,544.41,Succès,CL085,Saint-Louis
2025-09-12,Paiement,1931.71,Succès,CL058,Thiès
2025-01-11,Transfert,531.38,Succès,CL081,Ziguinchor
2024-12-09,Paiement,875.64,Succès,CL107,Kaolack
2025-04-09,Dépôt,109.68,Succès,CL059,Ziguinchor
2025-04-26,Retrait,2359.22,Échec,CL197,Touba
2025-06-04,Dépôt,2615.61,Succès,CL065,Thiès
2025-04-04,Transfert,3171.3,Succès,CL024,Saint-Louis
2025-03-16,Transfert,3274.24,Succès,CL088,Touba
2025-06-15,Retrait,1509.49,Échec,CL194,Ziguinchor
2025-03-01,Transfert,4966.45,Succès,CL023,Thiès
2025-04-14,Transfert,4692.18,Succès,CL061,Kaolack
2025-04-04,Retrait,1601.93,Échec,CL167,Thiès
2025-01-02,Dépôt,3337.01,Succès,CL113,Ziguinchor
2025-01-09,Retrait,545.81,Succès,CL087,Dakar
2025-08-24,Paiement,3187.57,Succès,CL148,Touba
2025-02-01,Paiement,131.9,Succès,CL199,Ziguinchor
2025-07-18,Transfert,4617.88,Succès,CL075,Touba
2025-01-18,Paiement,2786.17,Succès,CL029,Saint-Louis
2025-07-09,Retrait,642.67,Succès,CL051,Kaolack
2025-04-19,Retrait,3018.21,Succès,CL072,Touba
2025-08-28,Retrait,56.19,Succès,CL087,Dakar
2025-02-07,Retrait,3811.42,Succès,CL127,Dakar
2025-08-06,Retrait,2641.75,Succès,CL078,Thiès
2025-09-01,Transfert,2185.47,Succès,CL172,Thiès
2025-05-26,Retrait,2754.51,Succès,CL024,Saint-Louis
2025-05-31,Retrait,2800.04,Succès,CL187,Ziguinchor
2024-10-08,Paiement,4246.26,Succès,CL084,Kaolack
2025-05-10,Transfert,226.81,Succès,CL110,Ziguinchor
2024-11-09,Retrait,4539.63,Succès,CL145,Thiès
2025-02-15,Paiement,778.01,Succès,CL046,Touba
2025-10-05,Dépôt,741.31,Succès,CL180,Touba
2024-12-20,Transfert,2235.66,Échec,CL021,Dakar
2024-11-01,Transfert,157.91,Succès,CL030,Ziguinchor
2025-09-02,Retrait,2346.02,Échec,CL172,Thiès
2025-07-07,Retrait,2191.04,Échec,CL065,Kaolack
2025-04-09,Paiement,2078.57,Succès,CL149,Kaolack
2025-10-08,Retrait,4017.0,Succès,CL080,Saint-Louis
2025-03-26,Transfert,4270.59,Succès,CL193,Touba
2024-12-15,Paiement,978.15,Succès,CL074,Touba
2025-09-06,Paiement,1278.2,Succès,CL001,Thiès
2025-01-30,Dépôt,2044.32,Succès,CL170,Kaolack
2025-04-23,Transfert,1123.55,Succès,CL096,Ziguinchor
2025-10-03,Dépôt,4077.06,Échec,CL197,Thiès
2024-12-13,Retrait,1389.31,Succès,CL148,Thiès
2025-03-04,Retrait,65.87,Succès,CL084,Thiès
2024-12-09,Dépôt,4727.77,Succès,CL050,Ziguinchor
2025-01-17,Paiement,4420.61,Succès,CL021,Touba
2025-04-05,Paiement,3551.53,Succès,CL167,Ziguinchor
2024-10-27,Transfert,2732.9,Succès,CL035,Ziguinchor
2025-01-30,Transfert,3001.76,Échec,CL199,Kaolack
2025-03-27,Dépôt,3301.47,Succès,CL043,Ziguinchor
2025-06-03,Retrait,3903.39,Succès,CL068,Thiès
2024-10-09,Paiement,784.17,Échec,CL087,Thiès
2025-06-07,Retrait,3619.6,Succès,CL104,Saint-Louis
2025-08-23,Dépôt,3094.27,Succès,CL031,Saint-Louis
2025-07-04,Retrait,3328.28,Succès,CL195,Saint-Louis
2025-08-05,Transfert,412.77,Succès,CL140,Saint-Louis
2024-12-16,Transfert,2238.59,Succès,CL174,Dakar
2025-02-12,Dépôt,2555.82,Succès,CL021,Dakar
2025-06-26,Transfert,1718.23,Succès,CL083,Touba
2025-07-29,Transfert,4308.37,Succès,CL196,Dakar
2025-09-19,Paiement,933.99,Succès,CL086,Kaolack
2024-11-02,Retrait,242.4,Succès,CL127,Saint-Louis
2025-01-10,Paiement,4679.58,Échec,CL002,Dakar
2025-03-18,Paiement,582.44,Succès,CL048,Dakar
2025-01-26,Paiement,2229.06,Échec,CL081,Dakar
2025-08-31,Dépôt,3220.73,Succès,CL079,Thiès
2025-03-11,Paiement,3007.18,Succès,CL187,Touba
2025-05-16,Retrait,3388.02,Succès,CL125,Thiès
2025-04-25,Paiement,3939.35,Succès,CL126,Touba
2025-01-08,Paiement,3769.81,Succès,CL133,Kaolack
2025-03-17,Retrait,3770.56,Échec,CL031,Ziguinchor
2025-05-23,Transfert,701.59,Succès,CL106,Dakar
2025-03-24,Paiement,3914.19,Échec,CL079,Ziguinchor
2024-12-24,Paiement,3059.82,Succès,CL190,Kaolack
2025-03-01,Transfert,3469.44,Succès,CL097,Kaolack
2025-01-23,Dépôt,1741.84,Succès,CL166,Ziguinchor
2025-05-14,Dépôt,4044.06,Échec,CL180,Touba
2025-09-25,Dépôt,961.58,Succès,CL059,Thiès
2024-12-28,Retrait,4868.97,Succès,CL040,Ziguinchor
2024-12-20,Paiement,210.54,Échec,CL043,Ziguinchor
2025-06-10,Paiement,65.19,Succès,CL156,Saint-Louis
2025-07-12,Dépôt,2223.23,Échec,CL142,Saint-Louis
2025-05-17,Retrait,2559.09,Succès,CL190,Saint-Louis
2025-10-05,Retrait,1582.53,Échec,CL146,Thiès
2024-10-18,Dépôt,3321.6,Succès,CL125,Ziguinchor
2025-02-07,Transfert,663.22,Succès,CL150,Touba
2025-09-15,Transfert,2841.08,Succès,CL158,Saint-Louis
2025-08-03,Transfert,969.24,Succès,CL020,Kaolack
2024-11-16,Transfert,3694.5,Succès,CL027,Ziguinchor
2025-07-04,Dépôt,1414.25,Succès,CL080,Dakar
2024-12-02,Transfert,4720.61,Succès,CL115,Saint-Louis
2025-07-10,Retrait,4802.65,Succès,CL159,Kaolack
2025-06-01,Retrait,266.99,Succès,CL078,Dakar
2025-06-13,Paiement,763.88,Succès,CL042,Ziguinchor
2025-04-20,Retrait,4102.23,Succès,CL070,Dakar
2025-05-23,Transfert,4401.91,Succès,CL087,Dakar
2025-02-07,Transfert,3698.85,Succès,CL006,Dakar
2025-09-04,Dépôt,3808.36,Succès,CL072,Ziguinchor
2025-03-16,Dépôt,682.42,Succès,CL107,Dakar
2024-12-27,Transfert,4082.83,Échec,CL178,Kaolack
2025-06-26,Retrait,4976.74,Échec,CL173,Kaolack
2025-05-17,Retrait,4075.75,Succès,CL107,Ziguinchor
2024-12-29,Paiement,1469.48,Succès,CL186,Saint-Louis
2025-08-19,Dépôt,3396.65,Succès,CL069,Saint-Louis
2025-03-19,Paiement,1475.49,Succès,CL113,Saint-Louis
2025-08-13,Dépôt,4742.97,Succès,CL088,Touba
2025-07-14,Retrait,1224.46,Succès,CL014,Thiès
2025-01-02,Transfert,4053.56,Succès,CL059,Thiès
2025-08-09,Transfert,332.11,Succès,CL034,Ziguinchor
2025-06-01,Dépôt,3388.36,Succès,CL021,Saint-Louis
2025-08-05,Transfert,1705.29,Succès,CL020,Saint-Louis
2025-10-04,Retrait,1953.22,Succès,CL137,Thiès
2025-08-27,Retrait,145.27,Succès,CL022,Thiès
2024-10-22,Paiement,1034.38,Succès,CL169,Kaolack
2025-01-06,Paiement,3631.14,Succès,CL059,Dakar
2025-01-12,Transfert,80.75,Succès,CL143,Kaolack
2025-02-27,Paiement,3784.0,Succès,CL090,Saint-Louis
2025-01-23,Dépôt,4791.72,Succès,CL054,Touba
2025-04-15,Paiement,2067.51,Succès,CL001,Saint-Louis
2025-09-07,Retrait,1073.23,Succès,CL122,Dakar
2024-11-19,Transfert,2746.93,Succès,CL101,Dakar
2024-11-30,Retrait,2753.94,Succès,CL083,Thiès
2025-01-30,Transfert,1670.92,Succès,CL142,Saint-Louis
2025-07-09,Dépôt,3034.24,Succès,CL058,Ziguinchor
2025-01-15,Paiement,3399.94,Succès,CL043,Saint-Louis
2025-07-07,Dépôt,3701.17,Succès,CL057,Ziguinchor
2024-12-27,Transfert,2363.14,Échec,CL165,Touba
2025-01-07,Dépôt,3806.41,Succès,CL010,Saint-Louis
2025-07-18,Paiement,1576.94,Succès,CL032,Thiès
2025-01-24,Dépôt,890.72,Succès,CL128,Thiès
2025-01-22,Dépôt,3540.49,Succès,CL015,Saint-Louis
2025-01-12,Dépôt,4734.04,Succès,CL098,Touba
2024-10-17,Transfert,4262.52,Succès,CL095,Saint-Louis
2025-10-08,Dépôt,2735.48,Succès,CL001,Ziguinchor
2025-03-12,Paiement,440.37,Succès,CL140,Touba
2025-08-16,Retrait,1877.98,Succès,CL035,Dakar
2024-11-25,Dépôt,1191.06,Succès,CL091,Ziguinchor
2025-04-29,Retrait,4273.38,Succès,CL161,Kaolack
2025-01-14,Transfert,4728.65,Succès,CL172,Thiès
2025-07-19,Dépôt,4690.57,Succès,CL087,Dakar
2025-07-21,Retrait,2489.22,Succès,CL148,Kaolack
2025-02-27,Transfert,1172.39,Succès,CL132,Kaolack
2025-09-02,Transfert,539.46,Succès,CL069,Dakar
2025-06-26,Transfert,3743.46,Succès,CL112,Kaolack
2025-09-13,Transfert,2972.22,Succès,CL178,Touba
2025-02-04,Dépôt,2562.41,Succès,CL061,Kaolack
2025-08-19,Transfert,3556.16,Succès,CL160,Touba
2025-03-19,Paiement,2110.34,Succès,CL016,Dakar
2024-10-09,Dépôt,3650.32,Succès,CL084,Dakar
2025-08-25,Transfert,1483.28,Échec,CL040,Thiès
2025-01-17,Transfert,3897.0,Échec,CL036,Touba
2024-12-24,Retrait,2724.84,Succès,CL140,Kaolack
2025-01-10,Dépôt,172.58,Succès,CL078,Kaolack
2025-06-14,Dépôt,842.81,Succès,CL184,Thiès
2024-10-26,Retrait,1415.45,Succès,CL032,Ziguinchor
2025-06-27,Transfert,737.8,Succès,CL093,Thiès
2025-04-09,Dépôt,4097.98,Succès,CL080,Touba
2024-10-13,Paiement,3053.54,Succès,CL065,Kaolack
2025-09-14,Dépôt,3552.1,Succès,CL111,Saint-Louis
2024-12-21,Dépôt,3082.51,Succès,CL146,Thiès
2025-07-07,Transfert,2877.64,Succès,CL178,Saint-Louis
2025-08-31,Paiement,3617.24,Échec,CL156,Ziguinchor
2025-04-21,Paiement,1757.35,Succès,CL029,Ziguinchor
2025-08-25,Retrait,3846.5,Succès,CL017,Dakar
2024-11-03,Retrait,3638.38,Échec,CL123,Ziguinchor
2025-05-24,Dépôt,3005.01,Succès,CL135,Touba
2025-06-25,Transfert,4210.54,Échec,CL093,Touba
2024-12-26,Transfert,51.52,Succès,CL137,Touba
2025-01-25,Retrait,2679.71,Succès,CL028,Dakar
2025-06-05,Retrait,2408.09,Succès,CL189,Touba
2024-12-22,Dépôt,2226.33,Succès,CL027,Saint-Louis
2025-01-03,Retrait,4449.85,Succès,CL021,Kaolack
2025-03-25,Paiement,810.08,Échec,CL110,Saint-Louis
2025-05-26,Dépôt,972.49,Succès,CL012,Kaolack
2025-03-09,Paiement,651.75,Succès,CL098,Ziguinchor
2025-05-16,Paiement,3583.91,Succès,CL164,Thiès
2025-04-20,Transfert,363.95,Succès,CL197,Kaolack
2024-12-21,Dépôt,760.97,Succès,CL125,Ziguinchor
2024-11-17,Dépôt,1615.84,Échec,CL087,Thiès
2025-09-25,Transfert,942.12,Succès,CL094,Saint-Louis
2025-07-18,Transfert,2152.66,Succès,CL156,Ziguinchor
2025-06-15,Paiement,1358.95,Succès,CL153,Touba
2024-11-23,Transfert,3264.44,Succès,CL113,Saint-Louis
2024-11-17,Retrait,2310.17,Succès,CL187,Thiès
2025-09-01,Paiement,4624.1,Échec,CL088,Ziguinchor
2025-02-09,Retrait,1343.72,Succès,CL160,Saint-Louis
2025-08-27,Paiement,4873.49,Succès,CL126,Thiès
2025-01-22,Dépôt,2997.85,Succès,CL024,Saint-Louis
2025-01-07,Retrait,3738.19,Succès,CL025,Kaolack
2024-10-28,Paiement,1976.43,Échec,CL106,Touba
2025-04-15,Dépôt,2684.11,Succès,CL053,Ziguinchor
2024-11-26,Transfert,4100.42,Succès,CL103,Kaolack
2025-03-14,Retrait,4511.56,Succès,CL011,Kaolack
2025-01-24,Dépôt,2671.19,Succès,CL143,Ziguinchor
2024-12-26,Paiement,4280.0,Succès,CL159,Saint-Louis
2025-04-28,Transfert,190.16,Échec,CL138,Thiès
2025-03-29,Paiement,1108.72,Échec,CL172,Touba
2025-08-29,Paiement,2601.22,Succès,CL160,Touba
2025-01-26,Dépôt,1898.7,Succès,CL179,Ziguinchor
2025-08-26,Dépôt,4311.69,Échec,CL156,Saint-Louis
2025-06-21,Dépôt,892.33,Succès,CL134,Ziguinchor
2025-07-06,Dépôt,4887.6,Succès,CL159,Dakar
2025-06-21,Paiement,1931.09,Succès,CL122,Touba
2025-06-14,Transfert,3177.54,Succès,CL187,Ziguinchor
2025-04-28,Paiement,1765.76,Succès,CL014,Dakar
2025-06-13,Paiement,3704.35,Succès,CL026,Kaolack
2025-04-30,Dépôt,2922.22,Échec,CL024,Touba
2024-12-19,Paiement,956.0,Succès,CL145,Dakar
2025-04-09,Paiement,1458.12,Succès,CL146,Saint-Louis
2024-10-23,Retrait,181.48,Succès,CL176,Touba
2025-09-11,Paiement,2551.89,Succès,CL035,Saint-Louis
2025-09-06,Transfert,608.48,Succès,CL119,Ziguinchor
2024-12-04,Paiement,2315.06,Succès,CL141,Dakar
2025-01-21,Dépôt,3632.95,Succès,CL114,Ziguinchor
2025-02-02,Transfert,1327.28,Succès,CL107,Kaolack
2024-12-30,Dépôt,1447.61,Succès,CL044,Dakar
2025-05-02,Paiement,1642.46,Succès,CL190,Ziguinchor
2025-03-09,Transfert,3738.04,Succès,CL012,Dakar
2024-10-12,Transfert,1147.42,Succès,CL160,Thiès
2024-11-13,Dépôt,3223.7,Échec,CL056,Thiès
2025-04-19,Retrait,2138.62,Succès,CL092,Ziguinchor
2024-10-10,Retrait,3740.07,Succès,CL027,Dakar
2024-11-21,Dépôt,2929.07,Succès,CL075,Ziguinchor
2025-02-20,Dépôt,164.02,Succès,CL024,Touba
2025-09-09,Transfert,98.2,Succès,CL006,Dakar
2025-03-13,Dépôt,3875.98,Échec,CL134,Dakar
2025-04-05,Paiement,4010.14,Succès,CL036,Dakar
2025-03-19,Paiement,83.09,Succès,CL068,Touba
2025-08-31,Paiement,932.46,Succès,CL192,Thiès
2025-05-15,Retrait,498.85,Succès,CL185,Thiès
2025-08-26,Retrait,4928.71,Succès,CL198,Thiès
2025-02-28,Paiement,2975.94,Succès,CL087,Touba
2025-05-26,Retrait,2832.69,Succès,CL151,Thiès
2025-05-18,Dépôt,4407.12,Succès,CL093,Touba
2025-09-30,Transfert,200.37,Succès,CL071,Saint-Louis
2024-11-08,Retrait,3911.98,Succès,CL065,Touba
2025-10-03,Retrait,3896.76,Succès,CL150,Kaolack
2025-10-04,Paiement,1682.43,Succès,CL199,Dakar
2025-05-23,Transfert,2243.27,Succès,CL096,Thiès
2024-10-30,Transfert,3716.1,Échec,CL110,Dakar
2025-01-11,Paiement,179.41,Échec,CL040,Dakar
2025-10-07,Paiement,1666.47,Succès,CL091,Touba
2025-09-27,Retrait,1946.34,Succès,CL109,Touba
2024-12-21,Transfert,130.62,Succès,CL190,Touba
2025-01-14,Transfert,705.22,Succès,CL025,Touba
2025-08-19,Transfert,4871.71,Échec,CL197,Dakar
2025-05-04,Paiement,2365.9,Succès,CL167,Touba
2025-02-02,Retrait,3447.56,Succès,CL002,Touba
2025-07-12,Dépôt,4015.56,Succès,CL165,Touba
2025-02-21,Paiement,4612.33,Succès,CL085,Thiès
2025-03-01,Retrait,3848.07,Échec,CL054,Ziguinchor
2024-12-01,Paiement,821.82,Succès,CL131,Saint-Louis
2024-11-29,Transfert,2581.21,Succès,CL183,Dakar
2025-07-12,Dépôt,3258.18,Succès,CL145,Thiès
2025-05-29,Retrait,584.03,Succès,CL005,Ziguinchor
2025-03-20,Paiement,3974.4,Succès,CL120,Saint-Louis
2025-03-31,Transfert,320.75,Succès,CL035,Ziguinchor
2025-05-06,Paiement,4452.02,Succès,CL106,Saint-Louis
2025-01-20,Retrait,4589.19,Succès,CL058,Kaolack
2025-07-16,Paiement,3888.17,Succès,CL104,Dakar
2025-03-10,Paiement,1397.39,Succès,CL038,Touba
2025-04-08,Dépôt,2102.91,Succès,CL056,Kaolack
2025-07-28,Transfert,1576.25,Succès,CL176,Touba
2025-07-27,Retrait,1208.84,Succès,CL071,Kaolack
2025-03-28,Transfert,576.28,Succès,CL160,Kaolack
2024-10-08,Dépôt,3773.28,Succès,CL127,Ziguinchor
2025-03-19,Dépôt,3853.22,Succès,CL026,Dakar
2025-02-27,Dépôt,3149.03,Succès,CL028,Saint-Louis
2024-11-19,Transfert,1667.15,Succès,CL187,Kaolack
2025-08-10,Retrait,1606.46,Succès,CL191,Kaolack
2024-10-18,Retrait,4351.62,Succès,CL059,Saint-Louis
2025-08-11,Dépôt,4973.43,Succès,CL050,Touba
2025-07-06,Dépôt,3232.11,Succès,CL030,Saint-Louis
2024-10-24,Dépôt,3122.34,Succès,CL121,Dakar
2024-12-27,Retrait,223.95,Échec,CL001,Ziguinchor
2024-11-14,Transfert,3062.08,Succès,CL043,Touba
2024-11-22,Retrait,4563.13,Succès,CL044,Thiès
2025-01-20,Dépôt,1464.05,Succès,CL193,Dakar
2025-04-01,Retrait,3157.56,Succès,CL027,Kaolack
2025-02-06,Dépôt,2686.22,Succès,CL109,Touba
2024-12-17,Transfert,4526.45,Échec,CL017,Dakar
2024-12-25,Transfert,375.97,Succès,CL079,Dakar
2024-12-23,Paiement,2263.22,Succès,CL128,Kaolack
2024-12-08,Retrait,2125.52,Succès,CL170,Kaolack
2025-07-21,Dépôt,2822.4,Succès,CL147,Dakar
2024-12-27,Paiement,147.88,Succès,CL036,Kaolack
2024-12-14,Dépôt,2471.43,Succès,CL023,Thiès
2025-03-11,Paiement,2456.62,Succès,CL169,Ziguinchor
2025-07-01,Transfert,945.87,Succès,CL104,Thiès
2024-11-03,Retrait,4876.52,Succès,CL055,Thiès
2025-07-18,Transfert,3147.22,Succès,CL186,Touba
2025-04-12,Retrait,1612.74,Succès,CL071,Thiès
2025-06-07,Dépôt,4047.03,Succès,CL018,Kaolack
2024-11-10,Paiement,996.08,Succès,CL041,Kaolack
2025-04-13,Paiement,1959.88,Succès,CL196,Touba
2025-09-25,Dépôt,3323.3,Succès,CL150,Thiès
2025-05-05,Paiement,4794.95,Succès,CL149,Touba
2025-04-30,Transfert,3210.91,Succès,CL193,Kaolack
2024-10-12,Transfert,217.59,Succès,CL025,Saint-Louis
2025-02-19,Paiement,912.05,Succès,CL136,Thiès
2025-08-24,Dépôt,3820.54,Succès,CL013,Kaolack
2024-12-17,Paiement,3241.0,Succès,CL027,Kaolack
2025-09-11,Dépôt,2483.27,Succès,CL186,Kaolack
2025-01-17,Retrait,2978.24,Succès,CL116,Ziguinchor
2025-06-17,Paiement,1899.73,Succès,CL136,Kaolack
2025-03-06,Retrait,4496.86,Échec,CL125,Thiès
2025-03-11,Transfert,2152.31,Succès,CL124,Touba
2024-12-27,Paiement,4203.71,Succès,CL155,Saint-Louis
2024-11-01,Dépôt,1892.74,Succès,CL006,Touba
2025-09-14,Retrait,3265.69,Succès,CL024,Ziguinchor
2025-09-01,Paiement,143.19,Succès,CL052,Ziguinchor
2025-06-30,Retrait,2076.32,Succès,CL008,Ziguinchor
2024-12-30,Dépôt,3157.53,Succès,CL102,Thiès
2025-09-20,Retrait,3042.98,Succès,CL135,Touba
2025-09-21,Paiement,2341.72,Succès,CL120,Thiès
2025-04-02,Transfert,281.61,Succès,CL127,Dakar
2025-02-04,Transfert,2407.69,Succès,CL154,Saint-Louis
2025-07-14,Dépôt,4693.37,Succès,CL098,Thiès
2025-05-19,Retrait,4956.47,Succès,CL165,Saint-Louis
2025-03-19,Retrait,3435.05,Succès,CL163,Saint-Louis
2025-08-18,Paiement,4136.92,Échec,CL168,Touba
2025-04-12,Paiement,186.48,Succès,CL054,Saint-Louis
2024-10-23,Retrait,2423.61,Succès,CL176,Thiès
2025-03-16,Paiement,947.07,Succès,CL108,Saint-Louis
2024-11-11,Dépôt,459.04,Succès,CL087,Thiès
2025-03-03,Retrait,4962.99,Succès,CL097,Saint-Louis
2025-08-31,Paiement,4974.18,Succès,CL097,Thiès
2025-05-15,Dépôt,3439.51,Succès,CL114,Saint-Louis
2024-10-29,Retrait,3975.74,Succès,CL014,Touba
2025-06-10,Dépôt,2748.07,Succès,CL007,Touba
2025-05-25,Paiement,3292.04,Succès,CL143,Dakar
2025-05-02,Retrait,3752.07,Échec,CL185,Saint-Louis
2024-12-23,Retrait,1952.84,Succès,CL174,Thiès
2024-10-28,Paiement,3345.37,Succès,CL193,Ziguinchor
2024-12-04,Dépôt,4534.81,Succès,CL062,Kaolack
2025-04-14,Paiement,2202.92,Succès,CL094,Ziguinchor
2025-07-04,Transfert,1742.91,Succès,CL149,Touba
2025-04-02,Paiement,113.57,Succès,CL043,Ziguinchor
2024-11-03,Dépôt,2951.6,Échec,CL117,Thiès
2025-02-23,Paiement,924.5,Succès,CL043,Ziguinchor
2025-05-11,Dépôt,55.16,Succès,CL002,Saint-Louis
2025-08-22,Retrait,4109.15,Succès,CL127,Saint-Louis
2025-07-12,Paiement,2275.13,Succès,CL033,Ziguinchor
2025-06-13,Retrait,869.59,Succès,CL170,Touba
2025-03-11,Dépôt,4611.52,Succès,CL198,Ziguinchor
2024-10-26,Transfert,2285.45,Succès,CL175,Kaolack
2024-11-11,Transfert,2501.97,Échec,CL054,Saint-Louis
2025-02-24,Transfert,683.64,Succès,CL129,Thiès
2025-04-02,Paiement,4877.87,Succès,CL134,Saint-Louis
2024-12-01,Retrait,2055.99,Échec,CL085,Touba
2025-09-15,Paiement,2559.36,Succès,CL052,Touba
2025-03-10,Paiement,3748.11,Succès,CL050,Dakar
2025-05-22,Dépôt,1544.64,Succès,CL020,Kaolack
2025-01-02,Paiement,2848.79,Succès,CL105,Dakar
2024-12-07,Paiement,4034.59,Succès,CL104,Dakar
2025-05-16,Paiement,2358.48,Succès,CL033,Touba
2025-01-24,Dépôt,2102.24,Succès,CL143,Ziguinchor
2025-02-08,Transfert,960.6,Succès,CL196,Thiès
2025-08-11,Paiement,509.26,Succès,CL056,Ziguinchor
2024-10-16,Retrait,3344.75,Succès,CL143,Touba
2025-05-12,Retrait,4314.0,Succès,CL041,Thiès
2024-10-16,Transfert,1231.5,Succès,CL041,Dakar
2025-04-12,Dépôt,3331.51,Succès,CL018,Thiès
2024-12-09,Retrait,4078.69,Succès,CL176,Dakar
2025-09-10,Dépôt,2535.58,Succès,CL048,Dakar
2025-01-18,Transfert,3970.58,Échec,CL192,Ziguinchor
2025-02-18,Retrait,780.06,Succès,CL112,Ziguinchor
2025-04-10,Retrait,949.69,Succès,CL070,Touba
2025-07-26,Retrait,4655.08,Succès,CL161,Ziguinchor
2024-11-08,Retrait,2499.12,Succès,CL118,Dakar
2025-09-08,Retrait,1483.5,Échec,CL048,Thiès
2025-04-07,Paiement,235.23,Succès,CL183,Ziguinchor
2025-04-07,Paiement,2333.91,Succès,CL041,Kaolack
2025-08-15,Transfert,3415.46,Succès,CL178,Dakar
2025-01-02,Transfert,1765.87,Succès,CL057,Thiès
2025-03-17,Dépôt,4711.52,Succès,CL038,Thiès
2024-12-22,Paiement,3549.3,Succès,CL109,Dakar
2025-01-06,Dépôt,4560.02,Succès,CL042,Kaolack
2025-08-03,Dépôt,777.29,Succès,CL079,Kaolack
2025-08-28,Paiement,3952.02,Succès,CL148,Saint-Louis
2025-06-08,Transfert,577.83,Succès,CL083,Thiès
2025-01-24,Dépôt,2545.52,Succès,CL101,Thiès
2025-03-13,Transfert,3004.28,Succès,CL066,Touba
2025-04-03,Transfert,2948.34,Succès,CL085,Kaolack
2025-09-03,Dépôt,941.45,Succès,CL182,Ziguinchor
2024-11-15,Paiement,3984.51,Échec,CL018,Ziguinchor
2025-03-04,Dépôt,2739.21,Succès,CL025,Ziguinchor
2025-06-26,Retrait,4239.14,Échec,CL051,Thiès
2025-03-06,Dépôt,381.52,Succès,CL005,Ziguinchor
2024-12-22,Dépôt,529.79,Succès,CL090,Ziguinchor
2025-07-25,Paiement,914.6,Échec,CL195,Dakar
2024-11-07,Dépôt,4379.09,Succès,CL138,Touba
2025-09-09,Retrait,2730.56,Échec,CL064,Kaolack
2025-07-19,Transfert,4462.71,Succès,CL146,Kaolack
2024-11-02,Dépôt,2686.06,Échec,CL175,Saint-Louis
2025-08-11,Dépôt,3210.78,Succès,CL008,Thiès
2024-10-16,Dépôt,3805.03,Succès,CL090,Thiès
2024-12-27,Transfert,3614.0,Échec,CL122,Ziguinchor
2025-07-30,Transfert,885.3,Succès,CL085,Dakar
2025-08-12,Paiement,4771.94,Succès,CL020,Touba
2025-07-04,Paiement,3028.42,Succès,CL049,Dakar
2025-07-28,Paiement,2107.45,Échec,CL171,Kaolack
2025-07-06,Retrait,3889.53,Succès,CL080,Thiès
2025-06-30,Paiement,989.45,Succès,CL110,Ziguinchor
2025-05-01,Transfert,4185.46,Succès,CL111,Kaolack
2025-08-11,Dépôt,3461.11,Succès,CL190,Ziguinchor
2025-09-19,Dépôt,4997.51,Succès,CL094,Saint-Louis
2024-12-12,Paiement,809.53,Succès,CL178,Ziguinchor
2025-05-24,Retrait,403.54,Succès,CL135,Dakar
2024-12-24,Dépôt,4777.32,Succès,CL180,Thiès
2025-09-07,Transfert,3078.27,Succès,CL115,Kaolack
2025-09-25,Retrait,3022.5,Échec,CL059,Kaolack
2025-04-06,Paiement,2481.76,Succès,CL038,Saint-Louis
2025-03-08,Dépôt,3040.02,Succès,CL150,Ziguinchor
2025-06-26,Transfert,2287.12,Succès,CL148,Kaolack
2025-02-28,Dépôt,2387.11,Succès,CL166,Ziguinchor
2025-09-21,Paiement,3859.6,Succès,CL194,Saint-Louis
2025-03-18,Paiement,1117.2,Échec,CL143,Thiès
2024-11-27,Dépôt,2925.9,Succès,CL023,Dakar
2025-08-28,Paiement,1563.66,Succès,CL024,Dakar
2025-09-06,Transfert,2744.09,Succès,CL129,Kaolack
2024-10-20,Retrait,2566.27,Succès,CL186,Ziguinchor
2025-10-07,Transfert,1460.57,Succès,CL077,Ziguinchor
2025-02-15,Retrait,545.41,Succès,CL105,Ziguinchor
2025-02-28,Dépôt,1779.32,Succès,CL099,Ziguinchor
2025-05-24,Paiement,4601.09,Succès,CL058,Kaolack
2025-02-28,Paiement,2117.42,Succès,CL159,Ziguinchor
2025-08-02,Transfert,4110.82,Succès,CL080,Thiès
2025-03-31,Retrait,3679.39,Succès,CL075,Touba
2025-08-19,Retrait,3038.0,Échec,CL155,Dakar
2024-11-19,Retrait,431.75,Succès,CL064,Kaolack
2024-11-21,Transfert,1586.83,Succès,CL050,Dakar
2024-11-28,Transfert,1360.46,Succès,CL132,Ziguinchor
2025-02-08,Transfert,2894.2,Succès,CL132,Dakar
2025-07-03,Paiement,2313.57,Échec,CL160,Ziguinchor
2024-11-14,Transfert,2092.4,Succès,CL160,Ziguinchor
2025-01-07,Paiement,226.8,Succès,CL070,Thiès
2025-01-17,Retrait,3687.76,Succès,CL143,Ziguinchor
2024-12-16,Transfert,4312.01,Échec,CL040,Dakar
2025-10-07,Transfert,1148.91,Succès,CL049,Thiès
2025-01-20,Paiement,4332.46,Échec,CL099,Thiès
2025-08-04,Retrait,2481.16,Succès,CL026,Saint-Louis
2024-10-10,Retrait,4918.97,Succès,CL025,Touba
2025-04-13,Transfert,1346.58,Échec,CL096,Saint-Louis
2025-05-03,Retrait,1880.08,Succès,CL101,Ziguinchor
2025-06-28,Dépôt,1283.76,Succès,CL117,Ziguinchor
2025-07-05,Transfert,4303.31,Succès,CL145,Touba
2024-11-20,Dépôt,1111.54,Succès,CL041,Kaolack
2024-12-13,Paiement,2746.46,Succès,CL005,Touba
2025-09-25,Transfert,785.29,Succès,CL067,Ziguinchor
2025-08-04,Paiement,3824.05,Succès,CL037,Ziguinchor
2025-06-24,Paiement,959.64,Succès,CL145,Saint-Louis
2025-05-11,Transfert,2966.45,Succès,CL153,Dakar
2025-01-02,Dépôt,496.74,Succès,CL163,Dakar
2024-12-04,Paiement,4095.94,Succès,CL071,Thiès
2024-12-16,Dépôt,92.18,Succès,CL178,Saint-Louis
2025-04-09,Transfert,2923.58,Succès,CL086,Thiès
2025-08-30,Retrait,4414.37,Succès,CL179,Dakar
2025-08-24,Dépôt,2779.05,Succès,CL072,Touba
2025-07-21,Dépôt,1975.85,Succès,CL062,Thiès
2024-10-09,Retrait,522.25,Succès,CL192,Ziguinchor
2025-08-30,Dépôt,467.85,Succès,CL175,Touba
2025-03-26,Transfert,1289.31,Succès,CL111,Kaolack
2025-10-05,Transfert,1625.78,Succès,CL076,Kaolack
2025-05-08,Transfert,367.94,Succès,CL091,Saint-Louis
2025-03-28,Dépôt,771.87,Succès,CL170,Saint-Louis
2025-09-09,Paiement,2138.56,Succès,CL074,Saint-Louis
2025-02-23,Retrait,3448.99,Succès,CL136,Touba
2025-09-10,Retrait,285.76,Succès,CL094,Saint-Louis
2025-04-27,Dépôt,4663.26,Échec,CL103,Thiès
2025-05-29,Retrait,741.51,Échec,CL027,Saint-Louis
2025-02-20,Dépôt,3374.1,Succès,CL171,Thiès
2025-10-02,Paiement,4689.08,Échec,CL060,Saint-Louis
2025-02-05,Paiement,756.41,Succès,CL120,Dakar
2025-06-06,Retrait,2427.28,Succès,CL141,Touba
2024-12-30,Retrait,2749.42,Succès,CL076,Ziguinchor
2025-09-27,Transfert,959.19,Succès,CL098,Dakar
2025-09-30,Dépôt,1251.67,Échec,CL129,Thiès
2025-07-22,Dépôt,4769.87,Succès,CL165,Thiès
2025-06-07,Dépôt,2798.92,Succès,CL116,Ziguinchor
2025-03-19,Retrait,2670.68,Succès,CL091,Dakar
2025-09-21,Paiement,1243.92,Succès,CL022,Kaolack
2025-07-27,Retrait,272.86,Succès,CL066,Touba
2025-02-25,Retrait,2955.3,Succès,CL013,Touba
2024-11-24,Retrait,3227.1,Succès,CL183,Dakar
2024-10-25,Paiement,3517.86,Échec,CL085,Dakar
2025-01-30,Retrait,3489.16,Succès,CL026,Ziguinchor
2025-01-30,Paiement,2852.05,Succès,CL106,Kaolack
2024-10-14,Retrait,1675.52,Succès,CL182,Dakar
2025-02-12,Paiement,2039.55,Succès,CL049,Saint-Louis
2024-11-14,Retrait,3371.14,Succès,CL161,Ziguinchor
2025-07-23,Retrait,441.41,Succès,CL082,Touba
2025-01-26,Retrait,800.39,Succès,CL111,Saint-Louis
2024-11-07,Dépôt,1753.84,Succès,CL055,Kaolack
2025-09-08,Dépôt,2917.03,Succès,CL117,Dakar
2024-10-09,Transfert,1109.02,Succès,CL096,Ziguinchor
2025-05-29,Dépôt,3019.97,Succès,CL051,Kaolack
2025-09-12,Transfert,3494.13,Échec,CL198,Touba
2025-10-02,Transfert,713.44,Succès,CL073,Thiès
2024-11-28,Transfert,3398.4,Succès,CL021,Ziguinchor
2025-09-20,Dépôt,4148.84,Succès,CL085,Touba
2025-06-12,Retrait,437.95,Échec,CL080,Saint-Louis
2025-08-22,Transfert,3982.09,Succès,CL130,Saint-Louis
2025-08-16,Dépôt,4734.04,Succès,CL107,Saint-Louis
2025-06-01,Dépôt,1538.25,Succès,CL182,Saint-Louis
2024-11-09,Transfert,395.05,Échec,CL086,Ziguinchor
2025-06-29,Dépôt,2668.86,Succès,CL068,Thiès
2025-08-06,Retrait,3154.03,Échec,CL159,Saint-Louis
2024-11-22,Retrait,641.67,Succès,CL117,Kaolack
2025-07-17,Paiement,4250.8,Succès,CL033,Touba
2025-09-06,Dépôt,4133.11,Succès,CL059,Dakar
2025-07-23,Paiement,4240.85,Succès,CL024,Thiès
2025-08-09,Dépôt,3673.99,Échec,CL003,Dakar
2025-01-08,Dépôt,4030.53,Succès,CL088,Ziguinchor
2025-03-03,Retrait,797.45,Succès,CL110,Dakar
2024-12-23,Transfert,1068.0,Échec,CL016,Kaolack
2025-07-01,Retrait,4756.26,Succès,CL002,Thiès
2025-03-14,Transfert,950.55,Succès,CL158,Kaolack
2024-10-18,Paiement,2445.96,Succès,CL122,Saint-Louis
2025-04-05,Transfert,1474.19,Succès,CL053,Thiès
2024-11-11,Retrait,4800.35,Succès,CL158,Ziguinchor
2025-09-25,Retrait,2340.88,Succès,CL140,Kaolack
2025-08-18,Retrait,3111.29,Succès,CL097,Ziguinchor
2025-09-15,Retrait,1783.66,Succès,CL199,Saint-Louis
2025-07-26,Retrait,343.4,Succès,CL167,Thiès
2025-08-25,Retrait,4543.39,Succès,CL045,Dakar
2025-06-27,Retrait,3706.16,Échec,CL004,Ziguinchor
2025-01-19,Retrait,2861.45,Succès,CL187,Kaolack
2024-12-13,Retrait,2442.87,Succès,CL196,Thiès
2025-04-02,Transfert,4254.82,Échec,CL162,Thiès
2025-05-12,Dépôt,3579.95,Échec,CL019,Ziguinchor
2025-03-08,Transfert,2570.68,Succès,CL077,Ziguinchor
2025-04-05,Paiement,1375.15,Succès,CL027,Saint-Louis
2025-01-14,Dépôt,4921.58,Succès,CL035,Thiès
2024-10-11,Dépôt,4613.17,Succès,CL018,Kaolack
2025-07-21,Transfert,2248.06,Succès,CL016,Thiès
2025-05-06,Retrait,604.42,Succès,CL120,Saint-Louis
2024-10-26,Transfert,3190.49,Succès,CL059,Kaolack
2025-01-09,Retrait,738.28,Succès,CL007,Touba
2024-10-26,Paiement,235.67,Succès,CL182,Ziguinchor
2025-05-19,Dépôt,1774.17,Succès,CL061,Ziguinchor
2025-07-22,Dépôt,1508.09,Échec,CL054,Thiès
2025-06-23,Transfert,4809.13,Échec,CL166,Dakar
2025-01-24,Transfert,3410.67,Échec,CL148,Dakar
2025-03-24,Paiement,2196.6,Échec,CL182,Thiès
2024-12-09,Retrait,4795.22,Échec,CL128,Kaolack
2025-06-21,Retrait,4092.96,Échec,CL002,Dakar
2025-07-12,Dépôt,2668.72,Succès,CL156,Dakar
2025-09-16,Dépôt,4442.21,Succès,CL036,Kaolack
2025-09-18,Retrait,4290.85,Succès,CL139,Saint-Louis
2025-05-28,Paiement,2597.62,Succès,CL063,Ziguinchor
2025-08-20,Retrait,2247.18,Succès,CL014,Ziguinchor
2024-11-15,Dépôt,2514.63,Succès,CL029,Dakar
2025-02-14,Dépôt,498.13,Succès,CL034,Thiès
2024-12-12,Dépôt,1156.39,Succès,CL041,Dakar
2025-09-15,Dépôt,3560.88,Échec,CL081,Touba
2025-06-01,Paiement,4416.52,Succès,CL140,Ziguinchor
2024-11-27,Paiement,958.59,Succès,CL130,Ziguinchor
2024-12-25,Transfert,1697.14,Échec,CL133,Dakar
2025-10-01,Dépôt,683.56,Succès,CL175,Touba
2025-06-24,Retrait,306.34,Succès,CL009,Kaolack
2025-08-12,Retrait,3354.96,Échec,CL199,Ziguinchor
2025-08-11,Dépôt,1176.78,Succès,CL082,Dakar
2025-02-27,Retrait,2400.87,Échec,CL165,Touba
2025-08-04,Dépôt,3801.01,Échec,CL155,Thiès
2024-11-23,Retrait,3896.23,Succès,CL014,Kaolack
2025-07-11,Transfert,4444.13,Succès,CL065,Touba
2025-03-24,Transfert,2606.31,Succès,CL050,Ziguinchor
2025-02-10,Dépôt,2345.35,Succès,CL049,Ziguinchor
2025-04-30,Transfert,3296.8,Succès,CL151,Dakar
2025-01-15,Dépôt,3365.71,Succès,CL129,Touba
2024-12-25,Transfert,3774.74,Succès,CL035,Kaolack
2025-01-11,Paiement,4248.35,Succès,CL096,Thiès
2025-01-15,Retrait,2057.55,Succès,CL044,Kaolack
2024-12-28,Retrait,3619.16,Succès,CL144,Dakar
2025-09-18,Transfert,2180.11,Succès,CL097,Dakar
2025-07-20,Paiement,2060.7,Succès,CL116,Kaolack
2025-04-08,Transfert,2433.13,Succès,CL137,Touba
2025-01-20,Retrait,4325.24,Succès,CL138,Thiès
2025-09-11,Retrait,3850.95,Succès,CL073,Kaolack
2025-06-20,Dépôt,170.81,Succès,CL086,Kaolack
2025-05-05,Retrait,3780.82,Succès,CL054,Kaolack
2025-05-27,Retrait,352.27,Échec,CL080,Thiès
2025-01-31,Dépôt,2805.52,Succès,CL135,Touba
2025-01-21,Paiement,4162.87,Échec,CL022,Ziguinchor
2025-01-29,Transfert,2666.48,Succès,CL025,Thiès
2024-12-13,Retrait,1834.54,Succès,CL120,Thiès
2024-11-23,Paiement,3635.18,Succès,CL126,Ziguinchor
2024-12-11,Dépôt,4427.1,Succès,CL169,Touba
2024-12-10,Paiement,2512.34,Succès,CL055,Thiès
2025-09-03,Dépôt,416.53,Succès,CL062,Touba
2025-09-03,Paiement,3361.56,Échec,CL148,Saint-Louis
2025-09-05,Paiement,736.64,Succès,CL182,Touba
2025-02-05,Paiement,175.77,Succès,CL170,Thiès
2025-08-13,Paiement,3334.94,Succès,CL118,Thiès
2025-09-24,Paiement,3971.86,Succès,CL114,Kaolack
2025-04-02,Transfert,3341.54,Succès,CL071,Thiès
2025-03-07,Transfert,1313.11,Échec,CL171,Saint-Louis
2025-09-17,Transfert,2390.12,Échec,CL093,Saint-Louis
2025-07-04,Retrait,4812.75,Succès,CL033,Dakar
2024-12-08,Retrait,3847.79,Succès,CL134,Kaolack
2024-12-28,Transfert,4070.08,Succès,CL122,Kaolack
2025-04-24,Paiement,3298.57,Succès,CL024,Thiès
2025-02-19,Dépôt,477.35,Succès,CL161,Touba
2025-06-07,Paiement,4968.41,Succès,CL027,Dakar
2025-07-07,Paiement,2747.84,Succès,CL170,Thiès
2025-08-20,Paiement,3485.52,Échec,CL085,Thiès
2024-12-11,Dépôt,3013.66,Succès,CL083,Ziguinchor
2025-05-25,Dépôt,1944.87,Échec,CL019,Thiès
2025-08-18,Retrait,325.86,Succès,CL016,Dakar
2025-02-20,Dépôt,4143.4,Succès,CL185,Dakar
2025-02-02,Dépôt,1807.86,Succès,CL028,Dakar
2025-06-07,Dépôt,1753.77,Échec,CL077,Ziguinchor
2025-05-27,Transfert,1506.16,Succès,CL184,Ziguinchor
2025-10-05,Paiement,3654.55,Succès,CL154,Touba
2025-03-10,Paiement,419.51,Succès,CL044,Saint-Louis
2025-09-28,Dépôt,1970.46,Succès,CL096,Saint-Louis
2024-11-12,Paiement,4024.73,Succès,CL149,Kaolack
2025-04-29,Retrait,1524.99,Succès,CL068,Touba
2025-05-12,Retrait,2533.56,Succès,CL068,Kaolack
2024-11-23,Transfert,519.93,Succès,CL076,Saint-Louis
2025-09-19,Retrait,3219.13,Succès,CL129,Saint-Louis
2025-08-22,Dépôt,1777.38,Succès,CL175,Ziguinchor
2025-07-29,Transfert,2956.61,Succès,CL134,Dakar
2024-12-05,Transfert,2832.28,Succès,CL079,Dakar
2025-03-04,Dépôt,2252.81,Succès,CL098,Touba
2025-01-13,Transfert,4873.93,Succès,CL180,Ziguinchor
2025-07-10,Transfert,574.73,Succès,CL011,Kaolack
2024-12-09,Paiement,4452.21,Succès,CL153,Thiès
2025-09-02,Transfert,4098.56,Succès,CL092,Ziguinchor
2025-03-06,Paiement,2733.01,Succès,CL030,Kaolack
2025-03-04,Retrait,4622.0,Succès,CL167,Saint-Louis
2025-02-04,Dépôt,2560.15,Succès,CL097,Thiès
2025-04-12,Transfert,4473.7,Succès,CL058,Thiès
2025-02-22,Retrait,4284.78,Échec,CL113,Dakar
2025-01-29,Dépôt,188.93,Succès,CL121,Kaolack
2025-02-26,Dépôt,188.13,Succès,CL196,Kaolack
2024-12-16,Paiement,74.41,Succès,CL079,Dakar
2025-05-20,Dépôt,2774.72,Succès,CL174,Saint-Louis
2025-01-09,Paiement,4259.14,Échec,CL156,Kaolack
2025-01-04,Retrait,3441.71,Succès,CL192,Kaolack
2024-10-16,Retrait,3670.68,Succès,CL023,Dakar
2025-02-02,Paiement,488.29,Succès,CL033,Ziguinchor
2025-08-22,Dépôt,2134.86,Succès,CL124,Kaolack
2025-06-20,Paiement,3100.25,Succès,CL024,Touba
2024-12-17,Retrait,1651.01,Échec,CL141,Kaolack
2025-07-05,Dépôt,4362.6,Succès,CL161,Kaolack
2025-04-15,Paiement,4289.36,Succès,CL108,Dakar
2025-07-01,Dépôt,3931.0,Succès,CL093,Touba
2024-10-19,Transfert,2344.36,Succès,CL166,Ziguinchor
2025-09-10,Dépôt,1062.39,Succès,CL156,Dakar
2024-12-10,Paiement,1190.39,Succès,CL117,Ziguinchor
2025-09-09,Retrait,1425.26,Échec,CL173,Touba
2024-11-02,Retrait,3718.5,Échec,CL087,Dakar
2025-08-06,Paiement,223.78,Échec,CL152,Dakar
2025-05-22,Paiement,345.84,Échec,CL016,Saint-Louis
2025-09-13,Retrait,3655.41,Succès,CL151,Ziguinchor
2024-11-17,Dépôt,1272.92,Succès,CL148,Kaolack
2025-04-10,Paiement,2948.18,Succès,CL118,Ziguinchor
2024-10-13,Paiement,3803.96,Succès,CL046,Dakar
2025-06-30,Paiement,1773.08,Succès,CL038,Kaolack
2024-10-08,Retrait,4305.64,Succès,CL016,Touba
2025-06-18,Dépôt,4595.8,Échec,CL096,Saint-Louis
2025-02-03,Transfert,4789.88,Succès,CL180,Kaolack
2025-05-07,Retrait,514.58,Succès,CL059,Saint-Louis
2025-06-23,Dépôt,2582.28,Succès,CL055,Ziguinchor
2025-08-19,Transfert,1369.82,Succès,CL056,Ziguinchor
2025-09-05,Transfert,855.82,Succès,CL027,Thiès
2025-03-20,Dépôt,4963.85,Échec,CL165,Ziguinchor
2024-10-18,Transfert,564.81,Succès,CL002,Dakar
2025-05-02,Transfert,3816.31,Échec,CL156,Kaolack
2025-06-23,Paiement,2560.69,Succès,CL012,Touba
2024-11-09,Paiement,1327.12,Succès,CL182,Ziguinchor
2025-01-14,Paiement,3742.98,Succès,CL158,Saint-Louis
2025-06-02,Transfert,4382.69,Succès,CL116,Ziguinchor
2024-11-11,Transfert,94.88,Succès,CL051,Ziguinchor
2025-07-07,Retrait,1984.03,Succès,CL099,Kaolack
2025-06-17,Paiement,3785.94,Succès,CL055,Saint-Louis
2025-05-14,Dépôt,69.28,Succès,CL032,Kaolack
2024-10-20,Dépôt,4799.68,Succès,CL173,Saint-Louis
2024-12-03,Transfert,1237.71,Succès,CL144,Kaolack
2025-03-24,Retrait,457.63,Succès,CL151,Kaolack
2025-01-01,Dépôt,4610.01,Succès,CL190,Saint-Louis
2025-01-08,Transfert,1041.84,Succès,CL065,Ziguinchor
2025-07-23,Transfert,4719.11,Succès,CL044,Kaolack
2025-02-28,Paiement,837.83,Succès,CL179,Kaolack
2025-08-05,Dépôt,2673.8,Succès,CL123,Saint-Louis
2025-03-17,Paiement,4101.51,Succès,CL153,Ziguinchor
2024-11-09,Retrait,2437.79,Succès,CL111,Dakar
2025-08-01,Paiement,3523.02,Succès,CL069,Touba
2025-08-25,Transfert,80.18,Succès,CL078,Touba
2025-02-07,Transfert,2991.98,Succès,CL063,Dakar
2024-12-08,Paiement,4277.33,Succès,CL130,Touba
2025-07-23,Transfert,3308.41,Échec,CL082,Dakar
2025-02-07,Paiement,3321.59,Succès,CL180,Kaolack
2025-02-18,Paiement,3531.01,Succès,CL161,Dakar
2024-11-16,Transfert,1564.66,Succès,CL152,Saint-Louis
2025-02-09,Retrait,3604.93,Succès,CL196,Dakar
2025-06-15,Dépôt,117.07,Succès,CL153,Touba
2025-01-28,Paiement,3997.12,Échec,CL178,Ziguinchor
2024-11-24,Retrait,2615.68,Succès,CL188,Saint-Louis
2025-09-30,Transfert,1083.35,Succès,CL047,Dakar
2025-05-06,Dépôt,2198.63,Échec,CL039,Saint-Louis
2024-10-10,Paiement,417.23,Succès,CL044,Touba
2025-08-03,Retrait,4059.66,Succès,CL046,Dakar
2025-03-13,Retrait,4754.75,Succès,CL180,Ziguinchor
2024-10-26,Paiement,2835.99,Succès,CL005,Dakar
2025-08-04,Transfert,1174.76,Succès,CL176,Kaolack
2025-04-08,Dépôt,4368.09,Succès,CL092,Ziguinchor
2025-06-19,Retrait,1963.86,Succès,CL015,Dakar
2025-02-23,Transfert,4441.04,Succès,CL099,Kaolack
2025-02-19,Retrait,405.15,Succès,CL089,Kaolack
2025-05-07,Retrait,2053.53,Succès,CL149,Dakar
2025-05-12,Retrait,4732.45,Succès,CL104,Ziguinchor
2025-10-06,Retrait,4095.26,Échec,CL115,Dakar
2025-06-18,Retrait,4511.24,Succès,CL153,Dakar
2025-02-18,Transfert,989.27,Succès,CL047,Ziguinchor
2025-03-30,Retrait,2436.22,Succès,CL073,Kaolack
2025-01-21,Paiement,4793.16,Succès,CL065,Ziguinchor
2024-11-22,Retrait,3604.26,Succès,CL185,Dakar
2024-12-31,Transfert,4178.43,Échec,CL078,Ziguinchor
2025-06-22,Dépôt,881.82,Succès,CL101,Thiès
2025-03-05,Transfert,4217.69,Succès,CL009,Saint-Louis
2025-09-09,Dépôt,4282.97,Succès,CL114,Touba
2024-11-25,Paiement,4799.38,Succès,CL199,Dakar
2025-01-05,Paiement,2811.84,Succès,CL011,Dakar
2025-03-05,Dépôt,2681.42,Succès,CL032,Dakar
2025-02-23,Transfert,4742.63,Échec,CL110,Kaolack
2025-01-21,Dépôt,1637.99,Succès,CL052,Saint-Louis
2025-05-31,Paiement,4753.0,Succès,CL064,Touba
2025-08-22,Retrait,4407.67,Succès,CL005,Saint-Louis
2024-11-09,Retrait,4773.33,Succès,CL063,Touba
2025-07-16,Retrait,3331.55,Succès,CL048,Saint-Louis
2025-08-25,Retrait,740.83,Succès,CL199,Saint-Louis
2025-06-16,Dépôt,672.78,Succès,CL005,Touba
2025-01-16,Dépôt,960.49,Succès,CL040,Kaolack
2024-11-03,Dépôt,84.43,Succès,CL014,Thiès
2025-01-04,Retrait,2355.77,Succès,CL120,Thiès
